Start;End;Sleep Quality;Regularity;Mood;Heart rate (bpm);Steps;Alarm mode;Air Pressure (Pa);City;Movements per hour;Time in bed (seconds);Time asleep (seconds);Time before sleep (seconds);Window start;Window stop;Did snore;Snore time;Weather temperature (Â°F);Weather type;Notes
2021-05-15 23:25:30;2021-05-16 05:41:33;64%;0%;;0;0;No alarm;0.0;;18.3;22562.6;22111.4;451.3;;;true;743.0;32.0;No weather;
2021-05-25 01:51:38;2021-05-25 06:52:27;52%;0%;;0;0;Normal;99.8;;33.9;18048.7;17326.7;361.0;2021-05-25 06:50:00;2021-05-25 07:20:00;true;185.4;32.0;No weather;
2021-06-27 01:49:25;2021-06-27 05:26:04;37%;0%;Good;59;5890;Normal;99.3;Hermiston;3178.8;12998.9;10442.5;260.0;2021-06-27 11:30:00;2021-06-27 12:00:00;true;527.4;79.0;Sunny;Ate late:Good day:Swam
2021-06-28 02:05:29;2021-06-28 07:59:09;58%;77%;Good;55;2601;Normal;99.0;Hermiston;1986.0;21220.3;18037.2;424.4;2021-06-28 09:45:00;2021-06-28 10:15:00;true;0.0;78.1;Sunny;
2021-06-29 00:47:31;2021-06-29 07:02:07;64%;79%;Good;54;10780;Normal;98.6;Hermiston;4219.9;22476.4;18655.4;449.5;2021-06-29 06:50:00;2021-06-29 07:20:00;true;0.0;86.5;Sunny;Ate late:Good day:Swam:Tired
2021-06-29 19:00:04;2021-06-30 01:13:16;64%;54%;Good;59;6031;No alarm;98.2;Hermiston;3928.2;22391.4;19405.9;447.8;;;true;0.0;103.1;Sunny;Daylight:Nap:Tired
2021-06-30 01:13:56;2021-06-30 04:53:28;37%;0%;Good;52;6097;Normal;98.4;Hermiston;5932.1;13172.1;10318.2;263.4;2021-06-30 04:30:00;2021-06-30 05:00:00;true;0.0;81.9;Sunny;
2021-06-30 23:58:48;2021-07-01 06:30:35;64%;33%;Good;53;2928;Normal;99.0;Hermiston;8073.6;23507.0;23036.9;470.1;2021-07-01 07:30:00;2021-07-01 08:00:00;true;240.0;73.9;Sunny;Good day:Tired
2021-07-01 22:44:29;2021-07-02 06:46:33;64%;35%;Good;56;3807;Normal;94.4;Tieton;513.8;28924.1;23428.5;1735.4;2021-07-02 06:35:00;2021-07-02 07:05:00;true;60.0;63.1;Sunny;Bath:Good day:Tired
2021-07-03 02:11:16;2021-07-03 08:09:11;58%;54%;Good;65;9408;Normal;99.2;Hermiston;6885.2;21474.4;18396.4;429.5;2021-07-03 08:30:00;2021-07-03 09:00:00;true;105.5;74.5;Sunny;Good day:Tired
2021-07-04 05:41:18;2021-07-04 07:42:31;23%;71%;Good;54;9340;Normal;99.2;Hermiston;4267.0;7273.3;7127.8;145.5;2021-07-04 07:30:00;2021-07-04 08:00:00;true;0.0;76.5;Sunny;Daylight:Mate:Tired
2021-07-05 02:08:12;2021-07-05 08:12:34;64%;64%;Good;55;3511;Normal;99.3;Hermiston;3990.3;21862.9;18292.0;437.3;2021-07-05 09:30:00;2021-07-05 10:00:00;true;60.0;73.9;Sunny;
2021-07-06 00:55:18;2021-07-06 07:30:24;64%;72%;Good;53;2393;Normal;99.4;Hermiston;7609.1;23705.6;23231.5;474.1;2021-07-06 07:30:00;2021-07-06 08:00:00;true;1709.4;77.7;Sunny;Good day:Tired
2021-07-07 04:42:27;2021-07-07 06:54:35;23%;71%;Good;54;3863;Normal;99.0;Hermiston;9755.3;7927.8;7505.0;158.6;2021-07-07 06:45:00;2021-07-07 07:15:00;true;1400.1;75.2;Fair;Energy Drink:Good day:Tired
2021-07-08 00:13:04;2021-07-08 07:49:02;64%;68%;Good;54;5123;Normal;99.3;Hermiston;6420.3;27357.2;26810.1;547.1;2021-07-08 07:45:00;2021-07-08 08:15:00;true;860.0;70.7;Sunny;
2021-07-09 04:18:47;2021-07-09 06:22:20;23%;57%;OK;61;13423;Normal;99.7;Hermiston;11706.1;7413.2;7265.0;148.3;2021-07-09 06:10:00;2021-07-09 06:40:00;true;60.0;67.6;Sunny;Daylight:Good day:Tired:Worked out
2021-07-09 12:46:55;2021-07-09 16:05:35;32%;-1%;Good;59;4662;Normal;99.9;Hermiston;4467.4;11920.8;8861.1;238.4;2021-07-09 17:00:00;2021-07-09 17:30:00;true;0.0;96.1;Partly cloudy;Daylight:Nap:Tired
2021-07-10 01:59:56;2021-07-10 06:33:49;47%;63%;Good;58;8546;Normal;99.7;Hermiston;8611.6;16433.0;14570.6;1095.5;2021-07-10 06:30:00;2021-07-10 07:00:00;true;135.9;71.6;Sunny;Ate late:Good day:Tired
2021-07-12 03:17:20;2021-07-12 08:34:56;52%;76%;Good;60;7515;Normal;99.4;Hermiston;8420.7;19056.0;14609.6;381.1;2021-07-12 08:30:00;2021-07-12 09:00:00;true;625.4;81.0;Sunny;Good day:Tired:Worked out
2021-07-13 03:21:51;2021-07-13 07:30:23;42%;81%;OK;49;2657;Normal;99.4;Hermiston;6298.9;14912.1;11283.5;298.2;2021-07-13 08:30:00;2021-07-13 09:00:00;true;60.0;74.7;Sunny;Energy Drink:Tired
2021-07-14 07:50:41;2021-07-14 09:33:48;21%;5%;Good;71;10943;Normal;99.4;Hermiston;11.9;6186.4;6062.7;123.7;2021-07-14 09:30:00;2021-07-14 10:00:00;true;915.6;83.1;Sunny;Daylight:Energy Drink
2021-07-16 00:47:59;2021-07-16 07:55:59;86%;-67%;Good;45;2408;Normal;99.2;Hermiston;18.0;25679.1;25165.5;513.6;2021-07-16 08:30:00;2021-07-16 09:00:00;true;181.3;69.3;Sunny;Good day:Headache:Tired
2021-07-17 03:54:19;2021-07-17 09:05:16;62%;5%;Good;59;4730;Normal;99.7;Hermiston;39.0;18656.9;15236.5;373.1;2021-07-17 09:30:00;2021-07-17 10:00:00;true;60.0;74.5;Sunny;Energy Drink - During Day:Good day:Late Night Gaming:Tired
2021-07-17 23:44:25;2021-07-18 07:08:46;88%;20%;Good;60;7857;Normal;99.6;Hermiston;18.8;26661.9;23995.7;533.2;2021-07-18 07:00:00;2021-07-18 07:30:00;true;3731.6;71.1;Sunny;Good day:Swam:Tired
2021-07-19 02:11:22;2021-07-19 07:19:32;60%;64%;Good;48;3820;No alarm;99.6;Hermiston;36.1;18490.5;18120.7;369.8;;;true;1509.2;72.0;Partly cloudy;Good day:Late Night Gaming:Tired:Worked out
2021-07-20 01:53:12;2021-07-20 08:00:29;71%;73%;Good;58;4130;Normal;99.6;Hermiston;41.5;22036.5;21595.8;440.7;2021-07-20 08:00:00;2021-07-20 08:00:00;true;89.8;72.1;Sunny;Ate late:Energy Drink - During Day:Good day:Late Night TV:Tired
2021-07-20 23:25:47;2021-07-21 06:35:30;83%;79%;Good;52;3286;Normal;99.5;Hermiston;21.2;25783.3;25267.7;515.7;2021-07-21 06:35:00;2021-07-21 06:35:00;true;120.0;67.3;Fair;Ate late:Energy Drink - During Day:Good day:Late Night TV:Tired
2021-07-23 23:44:27;2021-07-24 06:33:02;79%;97%;OK;52;8699;Normal;99.9;Hermiston;29.2;24514.7;24024.4;490.3;2021-07-24 06:40:00;2021-07-24 07:10:00;true;120.0;66.7;Sunny;Good day:Headache:Tired
2021-07-26 02:49:41;2021-07-26 07:30:21;54%;66%;Good;58;2846;Normal;99.3;Hermiston;39.3;16839.7;15155.8;336.8;2021-07-26 08:15:00;2021-07-26 08:45:00;true;60.0;73.4;Partly cloudy;Good day:Late Night TV:Tired
2021-07-27 01:21:15;2021-07-27 06:31:51;59%;73%;OK;52;2004;Normal;99.2;Hermiston;20.0;18636.3;16710.5;1304.5;2021-07-27 06:30:00;2021-07-27 06:30:00;true;0.0;76.8;Partly cloudy;Ate late:Good day:Late Night TV:Tired
2021-07-28 01:23:44;2021-07-28 06:30:40;59%;90%;Good;53;8087;Normal;99.9;Hermiston;26.6;18416.2;14733.0;1657.5;2021-07-28 06:30:00;2021-07-28 06:30:00;true;2576.9;73.0;Partly cloudy;Good day:Late Night Gaming:Late Night TV:Tired
2021-07-31 00:18:10;2021-07-31 02:11:31;22%;55%;OK;60;8534;Normal;99.2;Hermiston;9.4;6801.0;6664.9;136.0;2021-07-31 02:25:00;2021-07-31 02:55:00;true;0.0;32.0;No weather;Energy Drink - During Day:Good day:Late Night TV:Swam:Tired:Worked out
2021-07-31 02:12:31;2021-07-31 06:09:39;45%;90%;Good;53;8556;Normal;99.2;Hermiston;22.0;14227.7;13042.1;284.6;2021-07-31 06:00:00;2021-07-31 06:30:00;true;137.2;83.1;Partly cloudy;Energy Drink - During Day:Good day:Late Night TV:Nap:Swam:Tired:Worked out
2021-08-01 00:52:42;2021-08-01 09:03:06;93%;65%;Good;60;4137;Normal;99.6;Hermiston;18.0;29424.3;28639.6;784.6;2021-08-01 09:00:00;2021-08-01 09:30:00;true;660.0;83.5;Cloudy;Energy Drink - During Day:Good day:Late Night TV:Tired
2021-08-02 02:10:48;2021-08-02 06:08:46;45%;65%;Good;54;4721;Normal;99.8;Hermiston;39.5;14278.0;12279.1;1380.2;2021-08-02 06:00:00;2021-08-02 06:30:00;true;0.0;75.0;Partly cloudy;Good day:Late Night Gaming:Nap:Tired
2021-08-03 01:46:45;2021-08-03 07:02:48;59%;73%;Good;53;10018;Normal;99.7;Hermiston;34.8;18963.0;18078.1;379.3;2021-08-03 07:10:00;2021-08-03 07:40:00;true;63.8;78.6;Sunny;Energy Drink - During Day:Good day:Late Night Gaming:Late Night TV:Tired
2021-08-05 02:28:26;2021-08-05 07:17:25;54%;91%;Good;49;4505;Normal;99.0;Hermiston;39.9;17339.1;16183.2;346.8;2021-08-05 07:10:00;2021-08-05 07:40:00;true;91.8;76.3;Fair;Energy Drink - During Day:Good day:Late Night TV:Tired
2021-08-05 23:59:12;2021-08-06 06:32:13;74%;83%;Good;51;2258;Normal;99.3;Hermiston;13.5;23581.8;21145.0;1965.1;2021-08-06 06:25:00;2021-08-06 06:55:00;true;0.0;73.4;Fair;Ate late:Good day:Late Night Gaming:Tired
2021-08-07 03:28:50;2021-08-07 07:02:50;40%;70%;Good;57;17269;Normal;99.5;Hermiston;8.0;12839.5;12582.7;256.8;2021-08-07 07:00:00;2021-08-07 07:00:00;true;0.0;70.3;Sunny;Energy Drink - During Day:Good day:Headache:Late Night TV:Stressful day:Tired:Worked out
2021-08-08 23:40:07;2021-08-09 09:12:19;100%;58%;Good;60;4572;No alarm;99.8;Hermiston;9.0;34332.1;33073.2;1258.8;;;true;0.0;65.7;Sunny;Good day:Headache:Late Night Gaming:Nap:Tired
2021-08-11 04:20:09;2021-08-11 06:00:48;19%;35%;Good;62;6695;Normal;99.7;Hermiston;48.9;6038.2;5917.5;120.8;2021-08-11 05:30:00;2021-08-11 06:00:00;true;0.0;74.3;Fair;Ate late:Energy Drink - During Day:Good day:Late Night Gaming:Tired:Worked out
2021-08-13 01:59:20;2021-08-13 06:49:28;54%;74%;Good;0;5288;Normal;99.6;Hermiston;20.3;17408.5;10909.3;2843.4;2021-08-13 08:00:00;2021-08-13 08:00:00;true;197.8;77.9;Partly cloudy;Ate late:Good day:Late Night TV:Tired:Worked out
2021-08-14 01:33:37;2021-08-14 08:36:00;79%;78%;Good;57;10008;Normal;99.7;Hermiston;18.1;25342.4;22723.7;1689.5;2021-08-14 08:30:00;2021-08-14 09:00:00;true;60.0;87.1;Sunny;Ate late:Good day:Late Night TV:Tired:Worked out
2021-08-15 02:41:00;2021-08-15 09:54:29;81%;81%;Good;59;11023;Normal;99.6;Hermiston;40.3;26009.4;22021.3;520.2;2021-08-15 09:30:00;2021-08-15 10:00:00;true;0.0;78.8;Fair;Ate late:Energy Drink - During Day:Good day:Late Night TV:Tired:Worked out
2021-08-16 01:42:08;2021-08-16 06:36:15;55%;75%;Good;57;3715;Normal;99.2;Hermiston;24.9;17646.2;13587.6;3235.1;2021-08-16 06:30:00;2021-08-16 07:00:00;true;240.0;79.0;Sunny;Ate late:Good day:Late Night TV:Tired
2021-08-17 01:16:46;2021-08-17 08:10:51;77%;76%;Good;55;7397;No alarm;98.8;Hermiston;20.7;24844.9;21366.7;2815.8;;;true;0.0;67.1;Fair;Good day:Late Night TV:Swam:Tired
2021-08-19 03:50:18;2021-08-19 06:50:28;33%;75%;Good;55;2535;Normal;99.6;Hermiston;31.3;10810.1;8972.4;216.2;2021-08-19 06:30:00;2021-08-19 07:00:00;true;938.1;64.2;Sunny;Good day:Headache:Late Night Gaming:Tired
2021-08-20 01:12:43;2021-08-20 09:21:25;90%;62%;Good;53;3878;No alarm;94.7;Tieton;8.5;29322.3;28735.9;586.4;;;true;0.0;60.3;Sunny;Energy Drink - During Day:Good day:Late Night TV:Tired
2021-08-21 01:46:38;2021-08-21 08:20:14;73%;72%;Good;48;4374;No alarm;98.9;Hermiston;33.1;23616.3;21805.7;1810.6;;;true;614.0;61.7;Fair;Ate late:Energy Drink - During Day:Good day:Tired
2021-08-22 01:17:30;2021-08-22 09:12:00;88%;78%;Good;58;9463;Normal;99.1;Hermiston;29.0;28470.4;25433.5;759.2;2021-08-22 09:10:00;2021-08-22 09:40:00;true;0.0;62.4;Sunny;Ate late:Energy Drink - During Day:Good day:Tired
2021-08-22 09:12:23;2021-08-22 09:31:01;3%;46%;Good;55;506;Normal;99.2;Hermiston;0.0;1117.1;1094.7;22.3;2021-08-22 09:30:00;2021-08-22 09:30:00;true;0.0;32.0;No weather;Nap
2021-08-23 00:40:04;2021-08-23 07:08:16;72%;84%;Good;54;4643;Normal;99.3;Hermiston;20.1;23291.6;20263.7;2096.2;2021-08-23 07:00:00;2021-08-23 07:30:00;true;0.0;57.2;Sunny;Good day:Late Night TV:Tired
2021-08-23 23:47:38;2021-08-24 06:47:41;77%;85%;Good;58;9075;Normal;99.7;Hermiston;34.6;25202.6;20582.1;2604.3;2021-08-24 06:40:00;2021-08-24 07:10:00;true;0.0;57.0;Sunny;Energy Drink - During Day:Good day:Late Night Gaming:Stressful day:Tired
2021-08-25 00:07:40;2021-08-25 04:47:33;51%;83%;Good;0;6557;Normal;99.5;Hermiston;35.4;16793.0;14665.9;2127.1;2021-08-25 04:30:00;2021-08-25 05:00:00;true;0.0;60.8;Partly cloudy;Late Night TV:Stressful day:Tired
2021-08-25 22:58:02;2021-08-26 04:55:03;62%;87%;OK;49;9241;Normal;99.5;Hermiston;25.4;21421.2;19136.3;1856.5;2021-08-26 04:40:00;2021-08-26 05:10:00;true;240.0;67.8;Partly cloudy;Energy Drink - During Day:Late Night TV:Tired
2021-08-26 22:08:48;2021-08-27 06:04:54;88%;84%;Good;58;9059;Normal;99.5;Hermiston;19.3;28565.4;26661.0;1904.4;2021-08-27 06:00:00;2021-08-27 06:30:00;true;60.0;63.1;Sunny;Stressful day:Tired
2021-08-28 00:47:40;2021-08-28 07:15:32;67%;80%;Good;54;5067;Normal;99.9;Hermiston;25.9;23272.2;21022.6;465.4;2021-08-28 07:00:00;2021-08-28 07:30:00;true;60.0;57.0;Sunny;Energy Drink - During Day:Good day:Tired
2021-08-29 00:26:52;2021-08-29 07:35:43;64%;82%;Good;50;12387;Normal;99.6;Hermiston;39.2;25730.8;23843.9;1200.8;2021-08-29 08:10:00;2021-08-29 08:40:00;true;180.0;65.7;Sunny;Good day:Tired
2021-08-29 23:46:07;2021-08-30 06:27:26;67%;82%;Good;53;3418;Normal;99.0;Hermiston;28.4;24078.4;21831.0;2247.3;2021-08-30 06:30:00;2021-08-30 07:00:00;true;120.0;67.3;Sunny;Ate late:Good day:Headache:Late Night Gaming:Tired
2021-08-30 23:58:15;2021-08-31 06:32:20;46%;92%;Good;58;12010;Normal;99.2;Hermiston;64.8;23644.7;20807.4;1418.7;2021-08-31 06:30:00;2021-08-31 07:00:00;true;2079.2;56.1;Sunny;Energy Drink - During Day:Good day:Late Night Gaming:Tea:Tired:Worked out
2021-08-31 23:39:33;2021-09-01 06:50:10;57%;92%;Good;0;3718;Normal;99.5;Hermiston;53.9;25837.4;22995.2;2153.1;2021-09-01 07:00:00;2021-09-01 07:00:00;true;60.0;56.7;Sunny;Good day:Headache:Tired
2021-09-01 21:25:08;2021-09-02 04:33:31;72%;85%;Good;48;2961;Normal;99.5;Hermiston;30.3;25703.0;22618.7;2313.3;2021-09-02 04:30:00;2021-09-02 05:00:00;true;360.0;53.8;Sunny;Energy Drink - During Day:Good day:Tired
2021-09-02 23:06:06;2021-09-03 06:46:10;91%;75%;Good;58;10350;Normal;95.1;Tieton;10.7;27604.0;25947.8;552.1;2021-09-03 06:30:00;2021-09-03 07:00:00;true;65.4;50.7;Sunny;Energy Drink - During Day:Good day
2021-09-04 03:06:38;2021-09-04 07:31:55;43%;63%;Good;54;2270;Normal;99.6;Hermiston;33.1;15917.6;12628.0;2175.4;2021-09-04 07:45:00;2021-09-04 08:15:00;true;3284.3;55.8;Sunny;Good day:Late Night Gaming:Tired
2021-09-06 02:40:30;2021-09-06 06:55:34;34%;76%;Good;67;3778;Normal;99.6;Hermiston;55.3;15303.9;14997.8;306.1;2021-09-06 08:00:00;2021-09-06 08:30:00;true;360.0;71.2;Sunny;Energy Drink - During Day:Good day:Late Night Gaming:Stressful day:Tired
2021-09-08 03:44:58;2021-09-08 08:11:24;47%;81%;Good;56;2435;Normal;99.6;Hermiston;25.7;15986.1;10923.8;2131.5;2021-09-08 08:00:00;2021-09-08 08:30:00;true;1022.5;69.8;Partly cloudy;Energy Drink - During Day:Headache:Late Night Gaming:Tea - During Day:Tired
2021-09-09 21:02:33;2021-09-10 04:55:16;78%;17%;Good;52;7965;Normal;99.0;Hermiston;32.5;28363.7;24298.2;2174.5;2021-09-10 04:30:00;2021-09-10 05:00:00;true;178.8;75.0;Cloudy;Energy Drink - During Day:Good day:Tea - During Day:Tired
2021-09-11 03:05:25;2021-09-11 08:50:57;65%;17%;Good;59;8297;Normal;100.1;Hermiston;17.9;20732.0;18175.1;2556.9;2021-09-11 10:00:00;2021-09-11 10:30:00;true;1120.0;59.4;Sunny;Ate late:Good day:Late Night TV:Tired
2021-09-12 02:03:14;2021-09-12 09:42:22;84%;51%;Good;50;6703;Normal;99.9;Hermiston;21.0;27548.1;24242.4;2663.0;2021-09-12 09:30:00;2021-09-12 10:00:00;true;240.0;66.9;Partly cloudy;Ate late:Energy Drink - During Day:Good day:Late Night Gaming:Late Night TV:Tired
2021-09-12 23:27:19;2021-09-13 04:18:51;60%;45%;Good;46;2777;Normal;99.8;Hermiston;6.0;17491.9;17142.0;349.8;2021-09-13 04:15:00;2021-09-13 04:45:00;true;180.0;60.6;Partly cloudy;Good day:Late Night Gaming:Tired
2021-09-13 06:05:42;2021-09-13 07:30:11;18%;15%;Good;52;530;Normal;100.0;Umatilla;0.0;5069.2;4967.8;101.4;2021-09-13 07:30:00;2021-09-13 07:30:00;true;326.1;57.6;Sunny;Nap
2021-09-13 21:39:16;2021-09-14 04:36:02;74%;67%;Good;52;6593;Normal;99.9;Hermiston;24.2;25006.4;21755.6;2667.4;2021-09-14 04:30:00;2021-09-14 05:00:00;true;360.0;55.6;Sunny;Good day:Stressful day:Tea - During Day:Tired
2021-09-14 23:06:19;2021-09-15 04:36:41;61%;68%;Good;58;14367;Normal;99.4;Hermiston;19.7;19821.2;15658.8;3501.7;2021-09-15 04:30:00;2021-09-15 05:00:00;true;519.8;68.2;Partly cloudy;Ate late:Energy Drink - During Day:Good day:Headache:Stressful day:Tired:Worked out
2021-09-15 22:18:23;2021-09-16 04:39:41;71%;88%;Good;53;7761;Normal;99.7;Hermiston;18.3;22877.7;16090.6;4651.8;2021-09-16 04:30:00;2021-09-16 05:00:00;true;736.1;52.3;Sunny;Energy Drink - During Day:Good day:Headache:Late Night TV:Tired
2021-09-16 21:49:31;2021-09-17 06:47:09;84%;86%;Good;52;15651;Normal;99.7;Hermiston;36.6;32258.2;28172.1;2043.0;2021-09-17 06:30:00;2021-09-17 07:00:00;true;2592.4;45.5;Sunny;Energy Drink - During Day:Good day:Tired:Worked out
2021-09-18 01:19:40;2021-09-18 07:30:29;62%;79%;Good;53;10459;Normal;98.4;Hermiston;30.9;22249.6;19505.5;1483.3;2021-09-18 09:00:00;2021-09-18 09:30:00;true;3540.2;66.4;Cloudy;Energy Drink - During Day:Good day:Tired
2021-09-18 22:35:01;2021-09-19 08:31:06;78%;71%;Good;58;7250;Normal;99.1;Hermiston;45.4;35764.2;28134.5;2026.6;2021-09-19 08:30:00;2021-09-19 08:30:00;true;173.6;57.6;Cloudy;Energy Drink - During Day:Good day:Tired
2021-09-20 00:24:37;2021-09-20 05:30:44;42%;64%;Good;53;2494;Normal;100.4;Hermiston;51.7;18367.4;15857.2;367.3;2021-09-20 05:30:00;2021-09-20 05:30:00;true;67.1;54.1;Sunny;Energy Drink - During Day:Good day
2021-09-20 23:09:21;2021-09-21 05:00:30;53%;71%;Good;0;7990;Normal;100.9;Hermiston;40.9;21068.9;16082.6;2106.9;2021-09-21 05:00:00;2021-09-21 05:00:00;true;240.0;49.3;Sunny;Energy Drink - During Day:Good day:Tired:Worked out
2021-09-21 22:39:54;2021-09-22 05:01:30;60%;80%;Good;52;10707;Normal;99.9;Hermiston;38.2;22896.1;19538.0;1755.4;2021-09-22 05:00:00;2021-09-22 05:00:00;true;60.0;54.1;Sunny;Energy Drink - During Day:Sick:Stressful day:Tired
2021-09-22 23:22:22;2021-09-23 04:39:06;36%;91%;Good;52;8239;Normal;100.3;Hermiston;71.5;19003.6;15076.2;380.1;2021-09-23 04:30:00;2021-09-23 05:00:00;true;1589.1;58.1;Sunny;Good day:Stressful day:Tired
2021-09-23 15:35:08;2021-09-23 16:06:33;7%;42%;Good;63;8521;Normal;100.3;Hermiston;0.0;1885.3;1847.6;37.7;2021-09-23 16:00:00;2021-09-23 16:30:00;true;0.0;77.7;Sunny;Daylight:Nap:Stressful day:Tired
2021-09-23 22:22:20;2021-09-24 06:34:26;66%;87%;Good;50;11692;Normal;100.3;Hermiston;57.1;29526.2;27360.9;2165.3;2021-09-24 06:30:00;2021-09-24 07:00:00;true;1132.8;58.3;Sunny;Good day:Stressful day:Tired:Worked out
2021-09-24 22:18:28;2021-09-25 06:31:29;69%;89%;Good;51;12360;Normal;99.4;Hermiston;53.0;29581.0;25932.6;2563.7;2021-09-25 06:30:00;2021-09-25 07:00:00;true;143.4;58.3;Sunny;Energy Drink - During Day:Good day:Tired
2021-09-26 00:25:57;2021-09-26 10:04:26;100%;76%;Good;55;10444;Normal;99.7;Boardman;11.1;34709.6;31123.0;2545.4;2021-09-26 10:00:00;2021-09-26 10:00:00;true;60.0;66.4;Partly cloudy;Energy Drink - During Day:Good day:Late Night TV:Stressful day:Tired:Worked out
2021-09-26 22:23:02;2021-09-27 04:37:30;46%;63%;Good;60;4767;Normal;98.8;Hermiston;69.6;22468.7;19547.8;449.4;2021-09-27 04:30:00;2021-09-27 05:00:00;true;360.0;62.2;Fair;Good day:Tired
2021-09-27 23:15:15;2021-09-28 05:01:01;58%;60%;Good;55;11850;Normal;99.4;Hermiston;33.8;20746.5;18879.3;414.9;2021-09-28 05:00:00;2021-09-28 05:30:00;true;168.6;52.2;Sunny;Good day:Stressful day:Tired
2021-09-28 21:59:24;2021-09-29 05:08:14;58%;72%;Good;59;3956;Normal;100.1;Hermiston;59.5;25730.9;20498.9;514.6;2021-09-29 05:00:00;2021-09-29 05:30:00;true;1593.6;51.6;Cloudy;Energy Drink - During Day:Good day:Sick:Tired
2021-10-03 01:53:41;2021-10-03 09:31:17;81%;0%;;57;10753;Normal;0.0;;430.9;27455.5;22686.1;1280.7;;;false;0.0;32.0;No weather;
2021-10-03 23:42:55;2021-10-04 06:30:19;71%;57%;;56;3213;Normal;0.0;;388.4;24443.7;20357.2;2035.7;;;false;0.0;32.0;No weather;
2021-10-04 14:36:33;2021-10-04 15:32:52;12%;3%;Good;59;670;Normal;94.4;Tieton;0.0;3378.5;3310.9;67.6;2021-10-04 15:00:00;2021-10-04 15:30:00;true;856.0;64.9;Partly cloudy;Nap
2021-10-06 00:03:07;2021-10-06 08:05:32;77%;-12%;;58;2175;Normal;0.0;;429.2;28945.6;25182.7;578.9;;;false;0.0;32.0;No weather;
2021-10-06 22:59:24;2021-10-07 06:08:04;74%;-6%;;55;1804;Normal;0.0;;418.4;25720.5;21776.7;2229.1;;;false;0.0;32.0;No weather;
2021-10-08 01:04:46;2021-10-08 08:30:32;82%;32%;;63;1642;Normal;0.0;;354.1;26745.3;21574.6;534.9;;;false;0.0;32.0;No weather;
2021-10-09 01:42:47;2021-10-09 06:54:12;53%;73%;;55;10371;Normal;0.0;;409.5;18685.2;14885.9;1557.1;;;false;0.0;32.0;No weather;
2021-10-09 21:51:12;2021-10-10 07:39:26;83%;69%;;55;7012;Normal;0.0;;449.2;35294.1;29529.4;2823.5;;;false;0.0;32.0;No weather;
2021-10-10 23:59:51;2021-10-11 08:01:19;99%;74%;Good;54;4729;Normal;97.6;Yakima;61.2;28888.9;21859.3;577.8;2021-10-11 08:00:00;2021-10-11 08:30:00;true;265.0;37.4;Sunny;Energy Drink - During Day:Good day:Tired
2021-10-11 16:08:51;2021-10-11 16:40:58;7%;34%;OK;66;3472;Normal;97.7;Yakima;0.0;1926.9;1888.4;38.5;2021-10-11 16:10:00;2021-10-11 16:40:00;true;0.0;32.0;No weather;Nap
2021-10-11 22:51:10;2021-10-12 08:00:41;75%;77%;;60;7092;Normal;0.0;;586.0;32970.9;26926.2;659.4;;;false;0.0;32.0;No weather;
2021-10-12 22:37:43;2021-10-13 05:50:45;87%;83%;;53;2830;Normal;0.0;;293.0;25981.9;21565.0;2078.6;;;false;0.0;32.0;No weather;
2021-10-13 23:05:07;2021-10-14 06:29:44;78%;87%;;53;5851;Normal;0.0;;398.4;26676.9;21421.7;2399.9;;;false;0.0;32.0;No weather;
2021-10-14 23:07:09;2021-10-15 06:30:47;89%;90%;;58;3694;Normal;0.0;;272.7;26617.7;21641.7;2749.6;;;false;0.0;32.0;No weather;
2021-10-17 00:39:00;2021-10-17 06:19:25;63%;93%;;50;4680;Normal;0.0;;348.0;20425.3;15236.0;1564.4;;;false;0.0;32.0;No weather;
2021-10-20 00:01:42;2021-10-20 08:04:52;87%;80%;;61;3380;Normal;0.0;;366.0;28990.7;24922.8;579.6;;;false;0.0;32.0;No weather;
2021-10-26 02:51:10;2021-10-26 06:18:00;43%;0%;;52;7979;Normal;0.0;;210.2;12409.9;6487.1;3429.5;;;false;0.0;32.0;No weather;
2021-10-26 06:18:18;2021-10-26 06:50:40;7%;-76%;;59;182;Normal;0.0;;0.0;1942.0;615.0;1306.8;;;false;0.0;32.0;No weather;
2021-10-28 00:14:50;2021-10-28 07:36:19;87%;-66%;;48;3272;Normal;0.0;;243.8;26489.9;21810.0;1501.1;;;false;0.0;32.0;No weather;
2021-11-03 01:13:53;2021-11-03 08:19:59;83%;0%;;0;0;Normal;0.0;;249.5;25566.5;23265.5;511.3;;;false;0.0;32.0;No weather;
2021-11-04 00:13:34;2021-11-04 06:30:18;76%;76%;;0;0;Normal;0.0;;196.2;22604.4;14918.9;4068.8;;;false;0.0;32.0;No weather;
2021-11-07 01:36:19;2021-11-07 09:32:39;79%;47%;;0;0;Normal;0.0;;387.6;28579.9;26944.3;1618.6;;;false;0.0;32.0;No weather;
2021-11-09 00:55:35;2021-11-09 06:06:37;39%;49%;;0;0;Normal;0.0;;723.9;18661.8;14855.5;372.9;;;false;0.0;32.0;No weather;
2021-11-16 00:21:28;2021-11-16 07:01:08;69%;0%;;52;8591;Normal;0.0;;383.4;23979.6;19503.4;479.6;;;false;0.0;32.0;No weather;
2021-11-17 01:21:20;2021-11-17 08:04:45;50%;83%;;51;2355;Normal;0.0;;723.4;24204.8;15733.2;8471.7;;;false;0.0;32.0;No weather;
2021-11-20 13:18:40;2021-11-20 14:39:41;18%;0%;;0;0;Normal;101.3;Hermiston;0.0;4860.5;631.9;4228.7;2021-11-20 15:00:00;2021-11-20 15:30:00;false;0.0;32.0;No weather;Nap
2021-11-21 06:41:26;2021-11-21 14:43:10;81%;0%;OK;60;6126;Normal;101.5;Hermiston;71.3;28903.3;24567.8;578.1;2021-11-21 15:00:00;2021-11-21 15:30:00;true;1575.9;33.3;Fog;Daylight:Tired
2021-11-22 22:36:40;2021-11-23 06:00:36;76%;-105%;Good;50;3976;Normal;97.1;Yakima;115.7;26636.1;22463.1;1775.7;2021-11-23 06:00:00;2021-11-23 06:00:00;true;151.4;30.9;Cloudy;Good day:Tired
2021-11-25 03:32:03;2021-11-25 10:32:48;76%;-42%;;53;1376;Normal;0.0;;323.7;25244.9;21963.0;1346.4;;;false;0.0;32.0;No weather;
2021-11-26 00:39:35;2021-11-26 07:05:02;61%;34%;;54;3559;Normal;0.0;;490.5;23126.8;18270.2;1387.6;;;false;0.0;32.0;No weather;
2021-11-30 00:17:56;2021-11-30 07:31:34;78%;0%;;50;2123;Normal;0.0;;341.0;26018.5;25498.1;520.4;;;false;0.0;32.0;No weather;
2021-12-02 23:07:49;2021-12-03 07:30:32;86%;90%;;53;2079;Normal;0.0;;337.6;30162.2;24129.8;2312.4;;;false;0.0;32.0;No weather;
2021-12-03 23:23:37;2021-12-04 07:37:58;89%;97%;;55;3730;Normal;0.0;;329.8;29660.8;29067.6;593.2;;;false;0.0;32.0;No weather;
2021-12-05 00:43:10;2021-12-05 07:35:57;71%;93%;Good;0;5152;Normal;98.0;Yakima;56.1;24766.4;21299.1;2229.0;2021-12-05 07:30:00;2021-12-05 08:00:00;true;61.3;35.8;Partly cloudy;Good day:Late Night TV:Mate - During Day:Tired
2021-12-07 01:24:09;2021-12-07 08:01:25;71%;90%;;53;1170;Normal;0.0;;348.6;23836.1;20101.8;2065.8;;;false;0.0;32.0;No weather;
2021-12-08 00:55:13;2021-12-08 08:00:58;70%;93%;;94;2048;Normal;0.0;;436.8;25544.8;22394.2;510.9;;;false;0.0;32.0;No weather;
2021-12-09 23:14:31;2021-12-10 08:02:03;94%;91%;;52;3341;Normal;0.0;;351.0;31652.4;26377.0;633.0;;;false;0.0;32.0;No weather;
2021-12-13 23:51:43;2021-12-14 07:30:32;79%;0%;;56;1002;Normal;0.0;;202.6;27528.6;21472.3;2569.3;;;false;0.0;32.0;No weather;
2021-12-14 23:55:48;2021-12-15 07:07:08;74%;96%;;95;1727;Normal;0.0;;326.5;25879.7;23205.5;517.6;;;false;0.0;32.0;No weather;
2021-12-15 23:59:16;2021-12-16 05:30:30;63%;91%;;60;3356;Normal;0.0;;258.3;19874.7;16098.5;397.5;;;false;0.0;32.0;No weather;
2021-12-16 23:35:52;2021-12-17 07:05:02;80%;89%;;52;3034;Normal;0.0;;339.4;26949.3;19403.5;3862.7;;;false;0.0;32.0;No weather;
2021-12-19 22:41:36;2021-12-20 07:09:09;88%;92%;;60;2497;Normal;0.0;;366.0;30452.6;26493.8;2537.7;;;false;0.0;32.0;No weather;
2021-12-22 00:29:58;2021-12-22 07:30:32;73%;82%;;65;6637;Normal;0.0;;363.3;25234.0;21785.4;504.7;;;false;0.0;32.0;No weather;
2021-12-24 00:28:40;2021-12-24 09:00:51;91%;87%;;59;4819;Normal;0.0;;334.7;30731.7;23561.0;614.6;;;false;0.0;32.0;No weather;
2021-12-25 22:59:20;2021-12-26 08:00:49;90%;79%;;63;5099;Normal;0.0;;396.4;32489.3;27507.6;4981.7;;;false;0.0;32.0;No weather;
2021-12-28 00:17:59;2021-12-28 08:05:31;91%;88%;;67;2555;Normal;0.0;;233.7;28051.3;23656.6;1589.6;;;false;0.0;32.0;No weather;
2021-12-28 23:51:30;2021-12-29 06:45:31;76%;87%;;53;4193;Normal;0.0;;292.8;24841.2;20535.4;2318.5;;;false;0.0;32.0;No weather;
2021-12-29 23:33:19;2021-12-30 07:10:00;78%;90%;;55;3630;Normal;0.0;;349.4;27400.3;25299.6;2100.7;;;false;0.0;32.0;No weather;
2022-01-02 02:38:07;2022-01-02 08:36:31;60%;62%;Good;55;2123;Normal;97.9;Yakima;87.3;21504.3;18135.3;430.1;2022-01-02 08:30:00;2022-01-02 09:00:00;true;927.3;15.3;Cloudy;Energy Drink - During Day:Late Night TV:Tired
2022-01-03 00:12:00;2022-01-03 07:00:00;73%;66%;Good;59;3964;Normal;96.2;Yakima;55.8;24480.3;20808.2;1224.0;2022-01-03 06:50:00;2022-01-03 07:20:00;true;109.0;22.3;Snow;Good day:Late Night TV:Tired
2022-01-04 00:51:59;2022-01-04 06:54:52;59%;80%;Good;59;4714;Normal;96.8;Yakima;106.4;21772.5;17490.6;435.4;2022-01-04 06:50:00;2022-01-04 07:20:00;true;2471.3;24.1;Partly cloudy;Energy Drink - During Day:Good day:Late Night TV:Tired:Worked out
2022-01-04 23:50:47;2022-01-05 07:10:01;75%;83%;;58;1458;Normal;0.0;;550.3;26354.5;20995.7;3865.3;;;false;0.0;32.0;No weather;
2022-01-06 00:12:29;2022-01-06 07:00:31;70%;93%;;53;1894;Normal;0.0;;370.7;24482.0;23992.4;489.6;;;false;0.0;32.0;No weather;
2022-01-06 23:15:58;2022-01-07 07:06:42;72%;92%;;63;1836;Normal;0.0;;482.3;28243.7;25325.2;2918.5;;;false;0.0;32.0;No weather;
2022-01-18 01:15:36;2022-01-18 06:32:21;53%;0%;;55;3344;Normal;0.0;;398.7;19005.6;15584.6;3421.0;;;false;0.0;32.0;No weather;
2022-01-18 22:33:54;2022-01-19 06:37:51;83%;77%;;52;2252;Normal;0.0;;368.6;29036.3;23616.2;2419.7;;;false;0.0;32.0;No weather;
2022-01-19 23:51:18;2022-01-20 06:30:59;75%;83%;;58;1577;Normal;0.0;;281.1;23980.8;20143.9;3836.9;;;false;0.0;32.0;No weather;
2022-01-21 00:25:25;2022-01-21 07:25:00;76%;84%;;59;3382;Normal;0.0;;313.3;25175.2;22573.8;503.5;;;false;0.0;32.0;No weather;
2022-01-22 01:37:31;2022-01-22 07:25:00;64%;89%;;58;1764;Normal;0.0;;297.3;20849.4;18417.0;834.0;;;false;0.0;32.0;No weather;
2022-01-24 00:05:32;2022-01-24 07:22:18;75%;88%;;53;1419;Normal;0.0;;282.0;26205.5;23847.0;524.1;;;false;0.0;32.0;No weather;
2022-01-25 00:03:30;2022-01-25 07:09:53;73%;92%;;63;1267;Normal;0.0;;346.3;25582.5;22853.7;1023.3;;;false;0.0;32.0;No weather;
2022-01-26 01:29:37;2022-01-26 07:07:32;70%;93%;;59;1469;Normal;0.0;;172.1;20274.2;16219.4;2162.6;;;false;0.0;32.0;No weather;
2022-01-27 01:04:10;2022-01-27 07:25:00;70%;93%;;56;1864;Normal;0.0;;299.7;22849.2;19955.0;457.0;;;false;0.0;32.0;No weather;
2022-01-27 23:43:07;2022-01-28 07:02:41;75%;89%;;59;2615;Normal;0.0;;158.3;26373.4;23911.9;2461.5;;;false;0.0;32.0;No weather;
2022-01-29 00:22:50;2022-01-29 08:00:32;71%;89%;;63;2771;Normal;0.0;;449.7;27461.7;22518.6;4943.1;;;false;0.0;32.0;No weather;
2022-01-30 01:41:13;2022-01-30 09:37:32;82%;83%;;61;3805;Normal;0.0;;277.1;28578.5;25530.1;571.6;;;false;0.0;32.0;No weather;
2022-02-01 01:30:48;2022-02-01 07:30:32;62%;78%;;57;3309;Normal;0.0;;206.1;21584.3;20505.0;1079.2;;;false;0.0;32.0;No weather;
2022-02-02 01:39:27;2022-02-02 08:35:50;71%;85%;;65;1204;Normal;0.0;;430.2;24983.3;18654.2;499.7;;;false;0.0;32.0;No weather;
2022-02-02 23:58:12;2022-02-03 08:02:24;90%;86%;;79;1699;Normal;0.0;;277.3;29051.8;25662.4;581.0;;;false;0.0;32.0;No weather;
2022-02-05 01:08:19;2022-02-05 09:25:00;93%;80%;;53;1832;Normal;0.0;;263.8;29801.3;23940.4;2086.1;;;false;0.0;32.0;No weather;
2022-02-06 01:23:39;2022-02-06 09:43:05;74%;87%;;57;2595;Normal;0.0;;487.4;29966.8;27669.3;599.3;;;false;0.0;32.0;No weather;
2022-02-07 01:08:39;2022-02-07 08:37:47;75%;92%;;58;2712;Normal;0.0;;384.5;26948.8;22726.8;539.0;;;false;0.0;32.0;No weather;
2022-02-08 00:32:01;2022-02-08 07:33:06;67%;90%;;55;1636;Normal;0.0;;425.2;25265.8;21223.2;1768.6;;;false;0.0;32.0;No weather;
2022-02-10 00:15:56;2022-02-10 07:32:42;74%;92%;;54;2311;Normal;0.0;;368.6;26206.3;23061.5;524.1;;;false;0.0;32.0;No weather;
2022-02-10 23:51:10;2022-02-11 07:30:32;82%;97%;;116;1823;Normal;0.0;;315.0;27562.3;24714.2;551.2;;;false;0.0;32.0;No weather;
2022-02-12 00:19:02;2022-02-12 06:41:52;59%;93%;;55;4550;Normal;0.0;;454.7;22970.2;21056.0;459.4;;;false;0.0;32.0;No weather;
2022-02-13 22:29:18;2022-02-14 05:30:49;64%;82%;;59;4583;Normal;0.0;;460.0;25290.9;18293.8;6997.2;;;false;0.0;32.0;No weather;
2022-02-15 23:12:57;2022-02-16 06:00:38;78%;90%;;59;3422;Normal;0.0;;253.2;24460.3;21035.9;3424.4;;;false;0.0;32.0;No weather;
2022-02-22 00:26:57;2022-02-22 07:05:16;71%;0%;;57;2385;Normal;0.0;;326.1;23899.2;20473.6;1911.9;;;false;0.0;32.0;No weather;
2022-02-24 02:37:25;2022-02-24 07:58:13;57%;75%;;59;1413;Normal;0.0;;331.5;19248.3;14179.6;3143.9;;;false;0.0;32.0;No weather;
2022-02-25 00:17:36;2022-02-25 07:32:21;67%;76%;;54;1395;Normal;0.0;;447.7;26085.1;21128.9;4956.2;;;false;0.0;32.0;No weather;
2022-02-27 14:54:35;2022-02-27 15:40:29;8%;-46%;Good;64;2017;Normal;97.9;Yakima;0.0;2753.8;0.0;0.0;2022-02-27 15:20:00;2022-02-27 15:20:00;true;0.0;32.0;No weather;
2022-02-28 00:21:37;2022-02-28 07:38:30;75%;99%;;54;2782;Normal;0.0;;336.4;26212.5;22717.5;2009.6;;;false;0.0;32.0;No weather;
2022-03-01 00:56:39;2022-03-01 08:04:53;73%;91%;;47;1783;Normal;0.0;;383.8;25693.7;22353.5;513.9;;;false;0.0;32.0;No weather;
2022-03-04 02:39:11;2022-03-04 08:00:31;55%;85%;;65;1279;Normal;0.0;;632.2;19280.5;15231.6;385.6;;;false;0.0;32.0;No weather;
2022-03-07 00:28:47;2022-03-07 08:16:16;86%;80%;;59;1355;Normal;0.0;;300.3;28049.1;23841.7;561.0;;;false;0.0;32.0;No weather;
2022-03-11 00:10:32;2022-03-11 07:30:32;83%;0%;;59;1380;Normal;0.0;;271.5;26400.8;21208.7;1672.1;;;false;0.0;32.0;No weather;
2022-03-13 04:06:44;2022-03-13 08:36:57;46%;75%;;58;3336;Normal;0.0;;257.8;16212.9;14375.5;1837.5;;;false;0.0;32.0;No weather;
2022-03-13 23:15:20;2022-03-14 06:51:07;83%;64%;;54;2944;Normal;0.0;;307.9;27346.7;23700.5;3646.2;;;false;0.0;32.0;No weather;
2022-03-15 00:06:11;2022-03-15 07:30:18;80%;66%;;59;3478;Normal;0.0;;313.0;26646.9;24071.0;532.9;;;false;0.0;32.0;No weather;
2022-03-16 00:24:34;2022-03-16 07:00:31;76%;75%;;53;3038;Normal;0.0;;252.4;23756.7;20589.2;1821.3;;;false;0.0;32.0;No weather;
2022-03-17 00:29:14;2022-03-17 07:32:43;75%;89%;;58;1878;Normal;0.0;;332.8;25408.3;23629.8;1778.6;;;false;0.0;32.0;No weather;
2022-03-20 03:18:47;2022-03-20 09:48:52;67%;58%;;63;3233;Normal;0.0;;363.1;23405.4;19036.4;468.1;;;false;0.0;32.0;No weather;
2022-03-22 00:55:05;2022-03-22 07:30:41;73%;61%;;58;3347;Normal;0.0;;287.6;23736.4;20729.8;3006.6;;;false;0.0;32.0;No weather;
2022-03-23 02:31:51;2022-03-23 08:31:31;71%;69%;;63;6461;Normal;0.0;;225.2;21579.9;16832.3;2877.3;;;false;0.0;32.0;No weather;
2022-03-24 01:06:21;2022-03-24 08:55:01;80%;81%;;54;2642;Normal;0.0;;442.0;28120.6;26808.3;1312.3;;;false;0.0;32.0;No weather;
2022-04-08 22:10:12;2022-04-09 06:39:08;87%;0%;;58;2302;Normal;0.0;;481.1;30536.4;26770.2;610.7;;;false;0.0;32.0;No weather;
2022-04-13 00:21:02;2022-04-13 07:50:32;77%;0%;;54;1897;Normal;0.0;;395.0;26969.9;23553.7;1528.3;;;false;0.0;32.0;No weather;
2022-04-14 01:14:51;2022-04-14 07:54:21;71%;92%;;0;2669;Normal;0.0;;318.6;23970.3;17498.3;2956.3;;;false;0.0;32.0;No weather;
2022-04-15 00:16:09;2022-04-15 08:12:31;82%;91%;;60;2258;Normal;0.0;;465.3;28582.1;25628.6;571.6;;;false;0.0;32.0;No weather;
2022-04-16 00:10:02;2022-04-16 08:31:00;86%;93%;;63;3946;Normal;0.0;;361.2;30058.0;27052.2;601.2;;;false;0.0;32.0;No weather;
2022-04-18 01:14:42;2022-04-18 08:31:49;75%;94%;;0;1943;Normal;0.0;;822.9;26227.5;20195.2;2447.9;;;false;0.0;32.0;No weather;
2022-04-20 01:02:40;2022-04-20 06:38:07;58%;83%;;0;2398;Normal;0.0;;423.7;20126.1;14490.8;2884.7;;;false;0.0;32.0;No weather;
2022-04-20 23:49:56;2022-04-21 06:39:11;70%;86%;;50;6493;Normal;0.0;;304.0;24555.5;20626.6;3928.9;;;false;0.0;32.0;No weather;
2022-04-22 00:45:06;2022-04-22 08:06:37;80%;85%;;0;2115;Normal;0.0;;302.3;26491.4;23489.1;971.4;;;false;0.0;32.0;No weather;
2022-04-27 00:39:17;2022-04-27 07:57:27;75%;0%;;55;2622;Normal;0.0;;555.1;26290.6;21558.3;1489.8;;;false;0.0;32.0;No weather;
2022-05-03 00:52:39;2022-05-03 07:37:48;69%;0%;;55;1962;Normal;0.0;;294.4;24308.9;19204.1;2430.9;;;false;0.0;32.0;No weather;
2022-05-04 00:45:27;2022-05-04 08:30:31;74%;92%;;52;3114;Normal;0.0;;438.0;27904.2;25299.8;558.1;;;false;0.0;32.0;No weather;
2022-05-05 00:12:22;2022-05-05 06:05:22;61%;83%;;0;1732;Normal;0.0;;263.1;21180.2;18779.8;423.6;;;false;0.0;32.0;No weather;
2022-05-05 23:49:53;2022-05-06 07:00:50;71%;85%;;56;2626;Normal;0.0;;398.6;25856.2;21633.0;517.1;;;false;0.0;32.0;No weather;
2022-05-08 23:02:42;2022-05-09 05:40:11;60%;82%;;0;3953;Normal;0.0;;478.6;23849.7;20510.8;3339.0;;;false;0.0;32.0;No weather;
2022-05-11 01:25:52;2022-05-11 06:51:30;56%;70%;;0;2053;Normal;0.0;;365.4;19538.3;19147.5;390.8;;;false;0.0;32.0;No weather;
2022-05-12 01:35:58;2022-05-12 07:02:22;61%;84%;;59;1697;Normal;0.0;;280.6;19583.4;17102.8;979.2;;;false;0.0;32.0;No weather;
2022-05-13 04:05:04;2022-05-13 06:46:03;29%;87%;Good;0;2500;Normal;97.8;Yakima;14.7;9659.5;5988.9;3670.6;2022-05-13 06:15:00;2022-05-13 06:45:00;true;0.0;36.3;Fair;Ate late:Good day:Late Night Gaming:Tired
2022-05-15 23:40:03;2022-05-16 06:31:23;66%;61%;;64;2666;Normal;0.0;;425.4;24680.0;22047.5;2632.5;;;false;0.0;32.0;No weather;
2022-05-18 01:23:57;2022-05-18 06:06:15;48%;82%;;59;1929;Normal;0.0;;497.2;16938.3;14962.2;338.8;;;false;0.0;32.0;No weather;
2022-05-19 01:34:07;2022-05-19 06:34:51;41%;88%;;52;1025;Normal;0.0;;568.1;18043.6;17682.7;360.9;;;false;0.0;32.0;No weather;
2022-05-19 23:50:55;2022-05-20 06:45:10;71%;89%;;57;1941;Normal;0.0;;263.9;24855.3;22204.1;2651.2;;;false;0.0;32.0;No weather;
2022-05-22 02:47:35;2022-05-22 08:47:58;62%;71%;Good;0;1727;Normal;98.1;Yakima;18.2;21623.0;18956.2;1441.5;2022-05-22 08:40:00;2022-05-22 09:10:00;true;60.0;41.5;Sunny;Stressful day:Tired
2022-05-23 00:10:44;2022-05-23 06:54:20;70%;60%;;58;2780;Normal;0.0;;354.0;24216.1;22036.7;484.3;;;false;0.0;32.0;No weather;
2022-05-26 01:58:09;2022-05-26 06:35:10;47%;82%;;52;2121;Normal;0.0;;281.2;16620.6;12520.8;2548.5;;;false;0.0;32.0;No weather;
2022-05-28 00:14:30;2022-05-28 07:51:53;78%;75%;;60;2254;Normal;0.0;;390.1;27443.0;24973.1;548.9;;;false;0.0;32.0;No weather;
2022-05-29 22:25:10;2022-06-01 03:20:58;92%;47%;;0;0;Normal;97.2;;0.0;190548.0;186737.1;3811.0;2022-05-30 06:00:00;2022-05-30 06:30:00;false;0.0;54.5;Partly cloudy;
2022-06-02 00:31:16;2022-06-02 08:00:10;75%;44%;;59;6430;Normal;0.0;;387.8;26934.1;21637.1;1436.5;;;false;0.0;32.0;No weather;
2022-06-04 01:05:42;2022-06-04 06:45:58;60%;85%;;63;3091;Normal;0.0;;345.3;20416.2;17149.6;3266.6;;;false;0.0;32.0;No weather;
2022-06-07 23:37:53;2022-06-08 06:56:16;74%;0%;;59;3041;Normal;0.0;;384.4;26303.4;24111.4;2191.9;;;false;0.0;32.0;No weather;
2022-06-08 23:33:32;2022-06-09 07:08:19;69%;98%;;56;3235;Normal;0.0;;471.7;27286.7;23011.8;2910.6;;;false;0.0;32.0;No weather;
2022-06-10 02:33:24;2022-06-10 07:03:10;46%;86%;;55;2224;Normal;0.0;;374.9;16186.4;11816.1;2967.5;;;false;0.0;32.0;No weather;
2022-06-13 23:55:00;2022-06-14 06:30:58;68%;0%;;55;2810;Normal;0.0;;324.9;23757.9;20511.0;3246.9;;;false;0.0;32.0;No weather;
2022-06-15 00:07:46;2022-06-15 06:45:00;70%;96%;;0;2063;Normal;0.0;;337.0;23834.0;19623.3;2065.6;;;false;0.0;32.0;No weather;
2022-06-20 01:48:24;2022-06-20 08:00:31;68%;0%;;54;1807;Normal;0.0;;304.6;22326.9;17191.7;2456.0;;;false;0.0;32.0;No weather;
2022-06-21 02:23:21;2022-06-21 06:43:39;45%;84%;Good;63;2048;Normal;98.1;Yakima;8.8;15618.5;12546.9;885.1;2022-06-21 06:15:00;2022-06-21 06:45:00;true;1087.6;52.5;Sunny;Good day:Late Night TV:Tired
2022-06-23 02:58:49;2022-06-23 08:18:10;55%;83%;;61;4024;Normal;0.0;;297.2;19161.3;13476.8;383.2;;;false;0.0;32.0;No weather;
2022-06-28 01:43:29;2022-06-28 07:01:10;54%;0%;;45;3996;Normal;0.0;;567.0;19060.8;16328.7;1270.7;;;false;0.0;32.0;No weather;
2022-07-08 00:17:00;2022-07-08 07:47:48;79%;0%;;72;1441;Normal;0.0;;349.6;27047.4;23801.7;1983.5;;;false;0.0;32.0;No weather;
2022-07-12 00:35:16;2022-07-12 07:55:01;66%;0%;;52;3540;Normal;0.0;;485.5;26385.2;22603.3;527.7;;;false;0.0;32.0;No weather;
2022-07-14 00:36:31;2022-07-14 07:27:37;71%;96%;;53;1767;Normal;0.0;;365.8;24665.9;21870.5;1068.9;;;false;0.0;32.0;No weather;
2022-07-20 00:18:38;2022-07-20 06:30:58;64%;0%;;53;1797;Normal;0.0;;401.2;22339.5;20254.4;2085.0;;;false;0.0;32.0;No weather;
2022-07-21 02:29:31;2022-07-21 09:02:37;63%;61%;;74;3981;Normal;0.0;;435.0;23586.4;19498.1;471.7;;;false;0.0;32.0;No weather;
2022-08-02 01:36:22;2022-08-02 08:30:47;71%;0%;;56;2188;Normal;0.0;;644.1;24864.5;22378.1;497.3;;;false;0.0;32.0;No weather;
2022-08-06 01:43:26;2022-08-06 06:49:24;49%;0%;;59;3993;Normal;0.0;;434.9;18358.7;16400.5;1958.3;;;false;0.0;32.0;No weather;
2022-08-06 06:50:31;2022-08-06 07:22:03;7%;-62%;;55;229;Normal;0.0;;0.0;1891.5;0.0;0.0;;;false;0.0;32.0;No weather;
2022-08-23 01:15:23;2022-08-23 06:46:42;50%;0%;;63;5520;Normal;0.0;;479.2;19878.9;17228.4;1192.7;;;false;0.0;32.0;No weather;
2022-08-23 22:49:16;2022-08-24 06:45:10;82%;79%;;52;2225;Normal;0.0;;413.5;28554.7;25794.4;2760.3;;;false;0.0;32.0;No weather;
2022-08-24 23:33:57;2022-08-25 06:41:47;73%;86%;;63;2912;Normal;0.0;;389.2;25669.7;23359.4;513.4;;;false;0.0;32.0;No weather;
2022-08-25 23:47:57;2022-08-26 06:40:10;70%;90%;;58;6628;Normal;0.0;;383.1;24733.4;22012.8;2720.7;;;false;0.0;32.0;No weather;
2022-08-27 23:53:45;2022-08-28 08:30:41;89%;91%;;60;5200;Normal;0.0;;504.5;31015.9;22951.7;620.3;;;false;0.0;32.0;No weather;
2022-09-03 01:07:43;2022-09-03 06:54:37;59%;0%;;52;2419;Normal;0.0;;387.5;20813.8;17136.7;416.3;;;false;0.0;32.0;No weather;
2022-09-29 00:44:36;2022-09-29 07:37:21;71%;0%;;66;2665;Normal;0.0;;530.4;24765.1;20885.2;2641.6;;;false;0.0;32.0;No weather;
2022-10-19 01:59:11;2022-10-19 06:49:44;47%;0%;;59;3355;Normal;0.0;;430.5;17433.2;12028.9;2440.6;;;false;0.0;32.0;No weather;
2022-10-22 01:12:34;2022-10-22 06:50:18;58%;93%;;54;2530;Normal;0.0;;270.4;20263.4;17223.9;3039.5;;;false;0.0;32.0;No weather;
2022-11-22 22:45:49;2022-11-23 07:01:42;85%;0%;;54;1094;Normal;0.0;;393.9;29753.7;26381.6;1091.0;;;false;0.0;32.0;No weather;
2022-11-24 09:58:30;2022-11-24 12:27:20;23%;-52%;;69;6591;Normal;0.0;;661.2;8930.1;6161.8;178.6;;;false;0.0;32.0;No weather;
2022-11-26 03:04:42;2022-11-26 08:50:16;60%;-62%;;60;1187;Normal;0.0;;358.6;20734.3;18660.9;2073.4;;;false;0.0;32.0;No weather;
2022-11-27 02:45:38;2022-11-27 08:56:32;72%;12%;;54;5192;Normal;0.0;;255.9;22254.0;18693.4;445.1;;;false;0.0;32.0;No weather;
2022-11-28 00:10:23;2022-11-28 06:35:08;67%;28%;;53;1860;Normal;0.0;;646.2;23084.9;19391.3;3693.6;;;false;0.0;32.0;No weather;
2022-11-29 01:17:03;2022-11-29 06:13:25;54%;81%;;57;2366;Normal;0.0;;315.9;17781.9;11854.6;2726.6;;;false;0.0;32.0;No weather;
2022-11-29 07:34:09;2022-11-29 10:31:58;31%;21%;;59;2336;Normal;0.0;;402.6;10669.1;5619.1;3449.7;;;false;0.0;32.0;No weather;
2022-11-30 02:43:54;2022-11-30 09:13:05;67%;70%;;60;2650;Normal;0.0;;455.4;23350.7;17279.5;4281.0;;;false;0.0;32.0;No weather;
2022-12-01 00:56:39;2022-12-01 09:15:59;81%;78%;;60;1618;Normal;0.0;;585.3;29959.7;26664.2;599.2;;;false;0.0;32.0;No weather;
2022-12-02 02:14:18;2022-12-02 07:23:47;53%;74%;;52;1386;Normal;0.0;;409.1;18569.8;15289.1;3280.7;;;false;0.0;32.0;No weather;
2022-12-02 08:18:27;2022-12-02 10:53:27;23%;27%;;69;1440;Normal;0.0;;815.5;9300.0;7347.0;186.0;;;false;0.0;32.0;No weather;
2022-12-03 02:56:41;2022-12-03 07:50:44;55%;83%;;54;1049;Normal;0.0;;382.8;17643.7;15173.6;999.8;;;false;0.0;32.0;No weather;
2022-12-04 00:38:33;2022-12-04 08:38:27;81%;79%;;62;3539;Normal;0.0;;385.4;28793.7;27066.1;1727.6;;;false;0.0;32.0;No weather;
2022-12-05 01:00:46;2022-12-05 08:47:28;77%;87%;;99;2191;Normal;0.0;;403.5;28002.9;21562.2;3733.7;;;false;0.0;32.0;No weather;
2022-12-06 01:33:36;2022-12-06 10:22:14;99%;84%;;71;1085;Normal;0.0;;381.3;31717.6;29708.8;634.4;;;false;0.0;32.0;No weather;
2022-12-07 01:48:42;2022-12-07 09:10:27;76%;89%;Good;59;1402;Normal;97.9;Yakima;86.5;26504.4;23323.9;3180.5;2022-12-07 09:00:00;2022-12-07 09:30:00;true;674.6;27.7;Fair;Sick:Stressful day:Tea - During Day:Tired
2022-12-08 01:30:04;2022-12-08 09:12:07;82%;89%;;73;1872;Normal;0.0;;460.2;27723.7;24119.7;1108.9;;;false;0.0;32.0;No weather;
2022-12-09 00:40:14;2022-12-09 09:03:10;86%;92%;Good;60;1734;Normal;97.2;Yakima;59.8;30176.8;25750.9;603.5;2022-12-09 09:00:00;2022-12-09 09:30:00;true;600.0;25.0;Fair;Sick:Stressful day:Tired
2022-12-10 01:24:35;2022-12-10 09:46:04;85%;92%;;59;1950;Normal;0.0;;388.7;30088.6;27180.1;1203.5;;;false;0.0;32.0;No weather;
2022-12-11 02:21:29;2022-12-11 10:11:53;77%;89%;;59;1550;Normal;0.0;;417.5;28224.1;23237.8;3386.9;;;false;0.0;32.0;No weather;
2022-12-12 00:19:12;2022-12-12 08:23:53;83%;81%;;60;1586;Normal;0.0;;565.7;29081.0;25688.2;1260.2;;;false;0.0;32.0;No weather;
2022-12-13 03:26:38;2022-12-13 09:47:17;65%;73%;;63;2353;Normal;0.0;;490.4;22839.0;19793.8;456.8;;;false;0.0;32.0;No weather;
2022-12-14 01:46:11;2022-12-14 08:52:18;66%;70%;;62;1673;Normal;0.0;;628.6;25566.7;19430.7;4175.9;;;false;0.0;32.0;No weather;
2022-12-15 01:05:10;2022-12-15 07:13:55;65%;74%;;59;3280;Normal;0.0;;473.2;22125.0;17995.0;442.5;;;false;0.0;32.0;No weather;
2022-12-16 02:26:37;2022-12-16 10:21:37;51%;74%;;64;2064;Normal;0.0;;1367.1;28500.0;24605.0;570.0;;;false;0.0;32.0;No weather;
2022-12-19 03:06:56;2022-12-19 09:01:08;61%;83%;;60;6221;Normal;0.0;;491.5;21252.0;19410.2;425.0;;;false;0.0;32.0;No weather;
2022-12-21 00:28:48;2022-12-21 06:42:31;70%;59%;;100;4425;Normal;0.0;;343.0;22422.5;19881.3;1494.8;;;false;0.0;32.0;No weather;
2022-12-21 23:28:29;2022-12-22 08:34:50;87%;67%;;69;2192;Normal;0.0;;677.4;32780.5;28846.8;2294.6;;;false;0.0;32.0;No weather;
2022-12-23 01:23:48;2022-12-23 10:06:36;87%;74%;;73;2497;Normal;0.0;;626.2;31367.6;29171.9;627.4;;;false;0.0;32.0;No weather;
2022-12-24 01:56:13;2022-12-24 09:30:29;80%;79%;;59;1516;Normal;0.0;;511.0;27255.7;23349.0;545.1;;;false;0.0;32.0;No weather;
2022-12-26 00:46:14;2022-12-26 09:06:32;86%;89%;;60;2252;Normal;0.0;;462.9;30018.2;27816.9;600.4;;;false;0.0;32.0;No weather;
2022-12-28 01:28:15;2022-12-28 07:12:19;44%;78%;;88;2012;Normal;0.0;;1156.2;20644.1;18854.9;412.9;;;false;0.0;32.0;No weather;
2022-12-30 00:26:25;2022-12-30 07:22:54;71%;90%;;70;2797;Normal;0.0;;774.0;24988.8;22656.5;499.8;;;false;0.0;32.0;No weather;
2022-12-31 01:41:04;2022-12-31 08:21:51;75%;86%;;63;2761;Normal;0.0;;393.4;24047.0;19718.5;1923.8;;;false;0.0;32.0;No weather;
2023-01-02 06:05:06;2023-01-02 11:26:26;57%;-89%;;64;3420;Normal;0.0;;503.1;19280.7;15681.6;1478.2;;;false;0.0;32.0;No weather;
2023-01-03 01:31:31;2023-01-03 06:41:12;48%;0%;;63;4585;Normal;0.0;;791.3;18581.5;14989.1;1424.6;;;false;0.0;32.0;No weather;
2023-01-04 00:42:07;2023-01-04 11:23:14;75%;-56%;;59;2100;Normal;0.0;;1032.5;38467.4;33594.8;2308.0;;;false;0.0;32.0;No weather;
2023-01-05 02:53:27;2023-01-05 12:33:04;82%;8%;;68;1128;Normal;0.0;;863.0;34776.7;30255.7;2666.2;;;false;0.0;32.0;No weather;
2023-01-06 00:49:47;2023-01-06 07:46:33;64%;20%;;59;1848;Normal;0.0;;840.5;25006.2;23172.5;500.1;;;false;0.0;32.0;No weather;
2023-01-07 01:37:38;2023-01-07 10:24:56;90%;62%;;59;2958;Normal;0.0;;569.1;31637.9;27735.9;3902.0;;;false;0.0;32.0;No weather;
2023-01-08 02:56:17;2023-01-08 10:59:13;85%;66%;;56;3325;Normal;0.0;;568.5;28975.7;27044.0;579.5;;;false;0.0;32.0;No weather;
2023-01-09 03:43:30;2023-01-09 11:28:30;80%;82%;;55;2718;Normal;0.0;;763.4;27900.0;22692.0;4185.0;;;false;0.0;32.0;No weather;
2023-01-09 23:50:57;2023-01-10 06:51:42;79%;68%;;60;1597;Normal;0.0;;414.0;25244.9;23225.3;2019.6;;;false;0.0;32.0;No weather;
2023-01-10 07:44:39;2023-01-10 10:19:37;26%;19%;;58;1616;Normal;0.0;;631.4;9297.9;7035.4;186.0;;;false;0.0;32.0;No weather;
2023-01-10 22:34:04;2023-01-11 00:50:03;24%;0%;;75;2112;Normal;0.0;;599.1;8158.4;4514.3;2066.8;;;false;0.0;32.0;No weather;
2023-01-11 03:06:20;2023-01-11 07:46:30;51%;61%;;60;2271;Normal;0.0;;318.1;16810.3;15129.3;336.2;;;false;0.0;32.0;No weather;
2023-01-12 03:16:14;2023-01-12 09:20:59;74%;60%;;61;2718;Normal;0.0;;243.0;21884.9;17070.2;1604.9;;;false;0.0;32.0;No weather;
2023-01-13 01:28:21;2023-01-13 08:25:00;44%;76%;;60;991;Normal;0.0;;743.4;24998.4;16665.6;500.0;;;false;0.0;32.0;No weather;
2023-01-14 02:55:53;2023-01-14 10:19:49;77%;78%;;60;2140;Normal;0.0;;575.2;26636.0;24149.9;532.7;;;false;0.0;32.0;No weather;
2023-01-16 00:30:23;2023-01-16 10:04:16;93%;75%;;55;1393;Normal;0.0;;595.6;34433.8;29383.5;3443.4;;;false;0.0;32.0;No weather;
2023-01-17 05:46:55;2023-01-17 08:38:13;34%;61%;;64;3213;Normal;0.0;;227.5;10277.7;7639.8;2638.0;;;false;0.0;32.0;No weather;
2023-01-17 23:49:32;2023-01-18 07:46:03;85%;44%;;60;3101;Normal;0.0;;338.5;28591.0;22682.2;2763.8;;;false;0.0;32.0;No weather;
2023-01-20 02:03:04;2023-01-20 08:50:23;70%;58%;;67;3253;Normal;0.0;;332.9;24438.6;23949.8;488.8;;;false;0.0;32.0;No weather;
2023-01-22 01:03:55;2023-01-22 08:01:23;82%;85%;;64;1862;Normal;0.0;;311.7;25048.1;22125.8;1335.9;;;false;0.0;32.0;No weather;
2023-01-23 22:30:19;2023-01-24 08:36:54;70%;74%;;90;3929;Normal;0.0;;1122.4;36395.6;33726.6;727.9;;;false;0.0;32.0;No weather;
2023-01-24 23:35:07;2023-01-25 09:13:04;100%;80%;;63;2861;Normal;0.0;;414.7;34677.8;32597.1;693.6;;;false;0.0;32.0;No weather;
2023-01-25 22:49:24;2023-01-26 07:21:23;73%;82%;;52;900;Normal;0.0;;972.1;30719.0;28363.9;614.4;;;false;0.0;32.0;No weather;
2023-01-26 23:48:27;2023-01-27 07:46:26;87%;84%;;57;1802;Normal;0.0;;495.5;28679.5;25238.0;573.6;;;false;0.0;32.0;No weather;
2023-01-27 23:51:33;2023-01-28 04:02:30;51%;78%;;94;3070;Normal;0.0;;193.4;15056.9;10088.1;2961.2;;;false;0.0;32.0;No weather;
2023-01-30 00:56:31;2023-01-30 07:22:44;70%;66%;;54;2492;Normal;0.0;;488.4;23173.1;20778.5;463.5;;;false;0.0;32.0;No weather;
2023-01-31 02:53:46;2023-01-31 07:23:46;52%;73%;;58;2452;Normal;0.0;;341.2;16200.0;14634.0;324.0;;;false;0.0;32.0;No weather;
2023-02-01 05:55:35;2023-02-01 08:38:05;31%;74%;;58;1347;Normal;0.0;;374.3;9749.4;8287.0;195.0;;;false;0.0;32.0;No weather;
2023-02-02 00:49:13;2023-02-02 08:34:41;72%;68%;;60;3895;Normal;0.0;;468.6;27928.6;24018.6;3910.0;;;false;0.0;32.0;No weather;
2023-02-03 02:08:57;2023-02-03 07:44:13;61%;68%;;58;1506;Normal;0.0;;469.7;20116.0;14483.5;2548.0;;;false;0.0;32.0;No weather;
2023-02-04 01:49:39;2023-02-04 09:41:58;73%;73%;;60;1347;Normal;0.0;;797.5;28338.9;23899.1;566.8;;;false;0.0;32.0;No weather;
2023-02-05 04:35:17;2023-02-05 10:31:17;62%;78%;Good;58;1341;Normal;96.3;Yakima;56.6;21360.4;20933.2;427.2;2023-02-05 10:00:00;2023-02-05 10:30:00;true;4066.0;35.2;Rain;Late Night TV:Stressful day:Tired
2023-02-06 01:22:20;2023-02-06 04:40:24;28%;59%;;68;1901;Normal;0.0;Yakima;1005.4;11884.0;8516.9;2020.3;;;false;0.0;32.0;No weather;
2023-02-06 23:59:56;2023-02-07 08:00:34;82%;52%;;60;5125;Normal;0.0;;279.1;28838.1;22205.3;1922.5;;;false;0.0;32.0;No weather;
2023-02-10 02:10:33;2023-02-10 06:16:14;50%;67%;;67;2133;Normal;0.0;;166.8;14740.6;11939.9;2800.7;;;false;0.0;32.0;No weather;
2023-02-11 00:46:18;2023-02-11 05:32:02;33%;82%;;115;1708;Normal;0.0;;1356.5;17144.3;13658.3;342.9;;;false;0.0;32.0;No weather;
2023-02-13 02:03:38;2023-02-13 07:54:20;61%;76%;;52;1370;Normal;0.0;;568.9;21042.4;17956.2;420.8;;;false;0.0;32.0;No weather;
2023-02-13 22:34:33;2023-02-14 09:53:22;81%;62%;;56;2205;Normal;0.0;;897.1;40729.5;38285.7;814.6;;;false;0.0;32.0;No weather;
2023-02-16 03:37:20;2023-02-16 07:27:20;46%;46%;;60;1087;Normal;0.0;;198.9;13800.0;9890.0;2254.0;;;false;0.0;32.0;No weather;
2023-02-17 00:20:59;2023-02-17 07:41:45;78%;54%;;66;1811;Normal;0.0;;523.4;26445.3;22037.7;1057.8;;;false;0.0;32.0;No weather;